backbone,seed,class_order,method,beta,alpha,adapter_rank,Avg_mean,Avg_std,Last_mean,Last_std,forgetting_proxy_mean,forgetting_proxy_std,summary_path
laion,0,canonical,mgc_only,4.0,0.1,16,0.7796513888888889,0.020467965988929786,0.7234999999999999,0.023801260470823808,0.2944444444444444,0.027159792359067368,/home/rwik/leiden_projects/MG-CLAP/results/continual_mgclap_phase2/laion/seed_0/summary.json
laion,0,canonical,mgp_mgc,4.0,0.1,16,0.945252380952381,0.013497605400687104,0.9039999999999999,0.021130546609115446,0.09166666666666665,0.020260647254233852,/home/rwik/leiden_projects/MG-CLAP/results/continual_mgclap_phase2/laion/seed_0/summary.json
laion,0,canonical,mgp_only,0.0,0.1,16,0.8273464285714285,0.0173609721354982,0.8059999999999998,0.024627220712049498,0.18555555555555556,0.0282405889491974,/home/rwik/leiden_projects/MG-CLAP/results/continual_mgclap_phase2/laion/seed_0/summary.json
laion,0,canonical,naive_adapter,0.0,0.1,16,0.7240208333333333,0.016688697233369243,0.6255,0.03432928778754375,0.40388888888888896,0.041223569909086995,/home/rwik/leiden_projects/MG-CLAP/results/continual_mgclap_phase2/laion/seed_0/summary.json
laion,0,canonical,zero_shot_clap,0.0,0.1,16,0.8175575396825397,0.004268143683237102,0.8310000000000001,0.008000000000000023,0.04444444444444444,0.008784104611578835,/home/rwik/leiden_projects/MG-CLAP/results/continual_mgclap_phase2/laion/seed_0/summary.json
laion,1,shuffled,mgc_only,4.0,0.1,16,0.8077942460317459,0.017983620028597026,0.7965,0.018343936327844142,0.22166666666666662,0.022249982660556427,/home/rwik/leiden_projects/MG-CLAP/results/continual_mgclap_phase2/laion/seed_1/summary.json
laion,1,shuffled,mgp_mgc,4.0,0.1,16,0.9779736111111111,0.006269459301204066,0.968,0.005099019513592796,0.02222222222222222,0.003928371006591928,/home/rwik/leiden_projects/MG-CLAP/results/continual_mgclap_phase2/laion/seed_1/summary.json
laion,1,shuffled,mgp_only,0.0,0.1,16,0.9124238095238095,0.02336373946302833,0.9015000000000001,0.010440306508910552,0.053888888888888875,0.01077262190536962,/home/rwik/leiden_projects/MG-CLAP/results/continual_mgclap_phase2/laion/seed_1/summary.json
laion,1,shuffled,naive_adapter,0.0,0.1,16,0.7673255952380952,0.010782362857054091,0.765,0.02413503677229433,0.2577777777777778,0.02840405118036492,/home/rwik/leiden_projects/MG-CLAP/results/continual_mgclap_phase2/laion/seed_1/summary.json
laion,1,shuffled,zero_shot_clap,0.0,0.1,16,0.8736613095238095,0.0177838642146367,0.8310000000000001,0.008000000000000023,0.07555555555555556,0.010743933114340954,/home/rwik/leiden_projects/MG-CLAP/results/continual_mgclap_phase2/laion/seed_1/summary.json
laion,2,shuffled,mgc_only,4.0,0.1,16,0.8266005952380953,0.010615236362138193,0.6475,0.02091650066335187,0.38777777777777783,0.023013683530231116,/home/rwik/leiden_projects/MG-CLAP/results/continual_mgclap_phase2/laion/seed_2/summary.json
laion,2,shuffled,mgp_mgc,4.0,0.1,16,0.9869390873015874,0.005705497044347141,0.9705,0.010416333327999856,0.02,0.011439589045541107,/home/rwik/leiden_projects/MG-CLAP/results/continual_mgclap_phase2/laion/seed_2/summary.json
laion,2,shuffled,mgp_only,0.0,0.1,16,0.9239886904761905,0.007426034519033627,0.877,0.006964194138592058,0.07111111111111108,0.014761478061762683,/home/rwik/leiden_projects/MG-CLAP/results/continual_mgclap_phase2/laion/seed_2/summary.json
laion,2,shuffled,naive_adapter,0.0,0.1,16,0.8036400793650793,0.01212256104802382,0.6125,0.015890248582070696,0.4261111111111111,0.0195315509236077,/home/rwik/leiden_projects/MG-CLAP/results/continual_mgclap_phase2/laion/seed_2/summary.json
laion,2,shuffled,zero_shot_clap,0.0,0.1,16,0.889025992063492,0.004482337155087999,0.8310000000000001,0.008000000000000023,0.07,0.012472191289246464,/home/rwik/leiden_projects/MG-CLAP/results/continual_mgclap_phase2/laion/seed_2/summary.json
laion,3,shuffled,mgc_only,4.0,0.1,16,0.8274426587301587,0.015349390274829138,0.6705,0.0188679622641132,0.35888888888888887,0.019673256899584202,/home/rwik/leiden_projects/MG-CLAP/results/continual_mgclap_phase2/laion/seed_3/summary.json
laion,3,shuffled,mgp_mgc,4.0,0.1,16,0.9673702380952381,0.006927440844183345,0.9244999999999999,0.016985287751463022,0.07055555555555557,0.01662958838566196,/home/rwik/leiden_projects/MG-CLAP/results/continual_mgclap_phase2/laion/seed_3/summary.json
laion,3,shuffled,mgp_only,0.0,0.1,16,0.9339357142857143,0.009063115327803937,0.8885,0.011895377253370313,0.08666666666666666,0.012717247935844004,/home/rwik/leiden_projects/MG-CLAP/results/continual_mgclap_phase2/laion/seed_3/summary.json
laion,3,shuffled,naive_adapter,0.0,0.1,16,0.7932863095238096,0.009278883845667565,0.6485,0.02261636575579729,0.38611111111111107,0.024532669073132923,/home/rwik/leiden_projects/MG-CLAP/results/continual_mgclap_phase2/laion/seed_3/summary.json
laion,3,shuffled,zero_shot_clap,0.0,0.1,16,0.8937799603174602,0.007646422702142074,0.8310000000000001,0.008000000000000023,0.03611111111111111,0.008958064164776163,/home/rwik/leiden_projects/MG-CLAP/results/continual_mgclap_phase2/laion/seed_3/summary.json
msclap,0,canonical,mgc_only,4.0,0.1,16,0.774852380952381,0.0037679082032197994,0.8219999999999998,0.030634947364080782,0.18722222222222223,0.03218388523991163,/home/rwik/leiden_projects/MG-CLAP/results/continual_mgclap_phase2/msclap/seed_0/summary.json
msclap,0,canonical,mgp_mgc,4.0,0.1,16,0.9656843253968252,0.006686341473835788,0.9484999999999999,0.020161845153655964,0.048333333333333325,0.02506780927261884,/home/rwik/leiden_projects/MG-CLAP/results/continual_mgclap_phase2/msclap/seed_0/summary.json
msclap,0,canonical,mgp_only,0.0,0.1,16,0.9240253968253969,0.027110000386734733,0.9135,0.00681909084849293,0.08388888888888889,0.013988531457793529,/home/rwik/leiden_projects/MG-CLAP/results/continual_mgclap_phase2/msclap/seed_0/summary.json
msclap,0,canonical,naive_adapter,0.0,0.1,16,0.7473765873015873,0.013169612188706747,0.7955,0.02094039159137194,0.21777777777777776,0.023934065809486673,/home/rwik/leiden_projects/MG-CLAP/results/continual_mgclap_phase2/msclap/seed_0/summary.json
msclap,0,canonical,zero_shot_clap,0.0,0.1,16,0.9558319444444445,0.013115257283931137,0.9435,0.012103718436910198,0.017777777777777767,0.008534606386520673,/home/rwik/leiden_projects/MG-CLAP/results/continual_mgclap_phase2/msclap/seed_0/summary.json
msclap,1,shuffled,mgc_only,4.0,0.1,16,0.8381847222222222,0.013086630023101902,0.7395,0.011445523142259604,0.2872222222222222,0.013217085837078129,/home/rwik/leiden_projects/MG-CLAP/results/continual_mgclap_phase2/msclap/seed_1/summary.json
msclap,1,shuffled,mgp_mgc,4.0,0.1,16,0.9628523809523809,0.010154104760646012,0.9550000000000001,0.009617692030835658,0.04444444444444445,0.010686324478706308,/home/rwik/leiden_projects/MG-CLAP/results/continual_mgclap_phase2/msclap/seed_1/summary.json
msclap,1,shuffled,mgp_only,0.0,0.1,16,0.9460744047619049,0.013837571962503376,0.9375,0.011291589790636221,0.060555555555555564,0.008854098583616236,/home/rwik/leiden_projects/MG-CLAP/results/continual_mgclap_phase2/msclap/seed_1/summary.json
msclap,1,shuffled,naive_adapter,0.0,0.1,16,0.8298623015873016,0.006229361850007388,0.7435,0.01779044687465719,0.28388888888888897,0.020442632769971204,/home/rwik/leiden_projects/MG-CLAP/results/continual_mgclap_phase2/msclap/seed_1/summary.json
msclap,1,shuffled,zero_shot_clap,0.0,0.1,16,0.9687624999999999,0.010468147815417855,0.9435,0.012103718436910198,0.03,0.009525793444156804,/home/rwik/leiden_projects/MG-CLAP/results/continual_mgclap_phase2/msclap/seed_1/summary.json
msclap,2,shuffled,mgc_only,4.0,0.1,16,0.8762343253968254,0.008426295923741191,0.7885,0.01632482771731452,0.2322222222222222,0.017266966964355607,/home/rwik/leiden_projects/MG-CLAP/results/continual_mgclap_phase2/msclap/seed_2/summary.json
msclap,2,shuffled,mgp_mgc,4.0,0.1,16,0.9810922619047618,0.005448310203489182,0.9504999999999999,0.01133578404875462,0.05000000000000001,0.013028932666176192,/home/rwik/leiden_projects/MG-CLAP/results/continual_mgclap_phase2/msclap/seed_2/summary.json
msclap,2,shuffled,mgp_only,0.0,0.1,16,0.9738626984126982,0.002242043878970293,0.9390000000000001,0.009027735042633876,0.058333333333333334,0.01254621087848469,/home/rwik/leiden_projects/MG-CLAP/results/continual_mgclap_phase2/msclap/seed_2/summary.json
msclap,2,shuffled,naive_adapter,0.0,0.1,16,0.8686204365079366,0.011439181059660535,0.765,0.022748626332154666,0.2577777777777778,0.025178375985832602,/home/rwik/leiden_projects/MG-CLAP/results/continual_mgclap_phase2/msclap/seed_2/summary.json
msclap,2,shuffled,zero_shot_clap,0.0,0.1,16,0.9786456349206348,0.005040541788705243,0.9435,0.012103718436910198,0.03388888888888889,0.015153535218873172,/home/rwik/leiden_projects/MG-CLAP/results/continual_mgclap_phase2/msclap/seed_2/summary.json
msclap,3,shuffled,mgc_only,4.0,0.1,16,0.8657642857142858,0.014527988458993621,0.8195,0.015763882770434452,0.19388888888888886,0.015153535218873181,/home/rwik/leiden_projects/MG-CLAP/results/continual_mgclap_phase2/msclap/seed_3/summary.json
msclap,3,shuffled,mgp_mgc,4.0,0.1,16,0.9827926587301586,0.008734321450746065,0.9739999999999999,0.011999999999999999,0.01888888888888889,0.010886621079036346,/home/rwik/leiden_projects/MG-CLAP/results/continual_mgclap_phase2/msclap/seed_3/summary.json
msclap,3,shuffled,mgp_only,0.0,0.1,16,0.9739496031746032,0.010922154207775241,0.9559999999999998,0.00943398113205663,0.036111111111111115,0.01039349274103872,/home/rwik/leiden_projects/MG-CLAP/results/continual_mgclap_phase2/msclap/seed_3/summary.json
msclap,3,shuffled,naive_adapter,0.0,0.1,16,0.8295369047619048,0.016476801250549625,0.784,0.027730849247724097,0.23333333333333334,0.03068155838107572,/home/rwik/leiden_projects/MG-CLAP/results/continual_mgclap_phase2/msclap/seed_3/summary.json
msclap,3,shuffled,zero_shot_clap,0.0,0.1,16,0.9708920634920635,0.006151991287652414,0.9435,0.012103718436910198,0.02777777777777778,0.009781564923143892,/home/rwik/leiden_projects/MG-CLAP/results/continual_mgclap_phase2/msclap/seed_3/summary.json
